Source,Target
PoloChau,heet3727
PoloChau,Jby_Yeah
PoloChau,XieYujia000
PoloChau,navelorange93
PoloChau,GaTechWAN
PoloChau,jpdunn30
PoloChau,ShareefKhalid7
PoloChau,CibiPranavPS
PoloChau,RayLin56961481
PoloChau,SomdutRoy
heet3727,harshal0107
heet3727,kamal_krishna_
heet3727,envy229
heet3727,TheMiniFrames
heet3727,ahuja_palash
heet3727,vaibhavjaiarya
heet3727,SodhaVatsal
heet3727,jisverma
heet3727,Shashank_T_1992
heet3727,ConduitWifi
Jby_Yeah,muslimlavrente7
Jby_Yeah,jiannwang
Jby_Yeah,jasonyo
Jby_Yeah,LinlinZFan
Jby_Yeah,HanZhao_Keira
Jby_Yeah,yuczhang
Jby_Yeah,ParlinYu
Jby_Yeah,erlululu
Jby_Yeah,rednaxelafx
Jby_Yeah,cgy4ever
XieYujia000,DMaybach
XieYujia000,ChopDawgStudios
navelorange93,asantillan324
navelorange93,TimIbru
GaTechWAN,delsie_sheeran
GaTechWAN,PiereC
GaTechWAN,datsexyhelena
GaTechWAN,GT_ISSS
GaTechWAN,CynthiaLIVE
GaTechWAN,techtly
GaTechWAN,wjentgroupGA
GaTechWAN,Startup_Nerd
GaTechWAN,LauriDMeizler
GaTechWAN,sex
jpdunn30,TMWPROMO
jpdunn30,memorialhermann
jpdunn30,jimkwik
jpdunn30,SCI_Ferguson
jpdunn30,DanHogman
jpdunn30,MyersChris78
jpdunn30,goinvo
jpdunn30,IamPradyu
jpdunn30,UCSDtheCORE
jpdunn30,stepniak_piotr
CibiPranavPS,FrankWu2316
CibiPranavPS,ajnarayan93
CibiPranavPS,RamanNagulwar
CibiPranavPS,akash_senthil
CibiPranavPS,SuriyaDorairaj
CibiPranavPS,KedarnathBisi
CibiPranavPS,Anmol43767473
CibiPranavPS,SSreekant
CibiPranavPS,alexkurian20
CibiPranavPS,SougatJ
RayLin56961481,PitchCrunch
RayLin56961481,FreeFootyLaughs
RayLin56961481,FootballTeasers
RayLin56961481,StartupGrind
SomdutRoy,dipanjansarkhe1
SomdutRoy,Yasho_J
